doc_id,page_no,provider,statement_type,row_label_raw,row_label_std,normalized_label,candidate_code,candidate_name,candidate_rank,candidate_score,candidate_method,relation_type,review_required,source_cell_ref,meta_json
债务人审计报告-2022年,4,aliyun_table,balance_sheet,长期投资:,长期投资,长期投资,ZT_042,其他长期投资,1,0.723333,prefix_suffix_heuristic,,False,债务人审计报告-2022年:4:aliyun_table:0:16-16:2-2,
债务人审计报告-2022年,4,aliyun_table,balance_sheet,长期投资:,长期投资,长期投资,ZT_039,长期股权投资,2,0.673333,token_overlap,,False,债务人审计报告-2022年:4:aliyun_table:0:16-16:2-2,
债务人审计报告-2022年,4,aliyun_table,balance_sheet,长期投资:,长期投资,长期投资,ZT_042,其他长期投资,1,0.723333,prefix_suffix_heuristic,,False,债务人审计报告-2022年:4:aliyun_table:0:16-16:3-3,
债务人审计报告-2022年,4,aliyun_table,balance_sheet,长期投资:,长期投资,长期投资,ZT_039,长期股权投资,2,0.673333,token_overlap,,False,债务人审计报告-2022年:4:aliyun_table:0:16-16:3-3,
债务人审计报告-2022年,4,aliyun_table,balance_sheet,长期债权投资,长期债权投资,长期债权投资,ZT_036,债权投资,1,0.723333,prefix_suffix_heuristic,,False,债务人审计报告-2022年:4:aliyun_table:0:18-18:2-2,
债务人审计报告-2022年,4,aliyun_table,balance_sheet,长期债权投资,长期债权投资,长期债权投资,ZT_039,长期股权投资,2,0.708333,token_overlap,,False,债务人审计报告-2022年:4:aliyun_table:0:18-18:2-2,
债务人审计报告-2022年,4,aliyun_table,balance_sheet,长期债权投资,长期债权投资,长期债权投资,ZT_036,债权投资,1,0.723333,prefix_suffix_heuristic,,False,债务人审计报告-2022年:4:aliyun_table:0:18-18:3-3,
债务人审计报告-2022年,4,aliyun_table,balance_sheet,长期债权投资,长期债权投资,长期债权投资,ZT_039,长期股权投资,2,0.708333,token_overlap,,False,债务人审计报告-2022年:4:aliyun_table:0:18-18:3-3,
债务人审计报告-2022年,4,aliyun_table,balance_sheet,固定资产:,固定资产,固定资产,ZT_045,固定资产净额,1,0.753333,prefix_suffix_heuristic,,False,债务人审计报告-2022年:4:aliyun_table:0:20-20:2-2,
债务人审计报告-2022年,4,aliyun_table,balance_sheet,固定资产:,固定资产,固定资产,ZT_046,固定资产原值,2,0.753333,prefix_suffix_heuristic,,False,债务人审计报告-2022年:4:aliyun_table:0:20-20:2-2,
债务人审计报告-2022年,4,aliyun_table,balance_sheet,固定资产:,固定资产,固定资产,ZT_049,固定资产清理,3,0.753333,prefix_suffix_heuristic,,False,债务人审计报告-2022年:4:aliyun_table:0:20-20:2-2,
债务人审计报告-2022年,4,aliyun_table,balance_sheet,固定资产:,固定资产,固定资产,ZT_045,固定资产净额,1,0.753333,prefix_suffix_heuristic,,False,债务人审计报告-2022年:4:aliyun_table:0:20-20:3-3,
债务人审计报告-2022年,4,aliyun_table,balance_sheet,固定资产:,固定资产,固定资产,ZT_046,固定资产原值,2,0.753333,prefix_suffix_heuristic,,False,债务人审计报告-2022年:4:aliyun_table:0:20-20:3-3,
债务人审计报告-2022年,4,aliyun_table,balance_sheet,固定资产:,固定资产,固定资产,ZT_049,固定资产清理,3,0.753333,prefix_suffix_heuristic,,False,债务人审计报告-2022年:4:aliyun_table:0:20-20:3-3,
债务人审计报告-2022年,4,aliyun_table,balance_sheet,固定资产原价,固定资产原价,固定资产原价,ZT_046,固定资产原值,1,0.708333,token_overlap,,False,债务人审计报告-2022年:4:aliyun_table:0:21-21:2-2,
债务人审计报告-2022年,4,aliyun_table,balance_sheet,固定资产原价,固定资产原价,固定资产原价,ZT_046,固定资产原值,1,0.708333,token_overlap,,False,债务人审计报告-2022年:4:aliyun_table:0:21-21:3-3,
债务人审计报告-2022年,4,aliyun_table,balance_sheet,减:累计折旧,减:累计折旧,:累计折旧,ZT_047,减:累计折旧,1,1.0,exact_normalized_match,,False,债务人审计报告-2022年:4:aliyun_table:0:22-22:2-2,
债务人审计报告-2022年,4,aliyun_table,balance_sheet,减:累计折旧,减:累计折旧,:累计折旧,ZT_047,减:累计折旧,1,1.0,exact_normalized_match,,False,债务人审计报告-2022年:4:aliyun_table:0:22-22:3-3,
债务人审计报告-2022年,4,aliyun_table,balance_sheet,固定资产净值,固定资产净值,固定资产净值,ZT_045,固定资产净额,1,0.708333,token_overlap,,False,债务人审计报告-2022年:4:aliyun_table:0:23-23:2-2,
债务人审计报告-2022年,4,aliyun_table,balance_sheet,固定资产净值,固定资产净值,固定资产净值,ZT_046,固定资产原值,2,0.708333,token_overlap,,False,债务人审计报告-2022年:4:aliyun_table:0:23-23:2-2,
债务人审计报告-2022年,4,aliyun_table,balance_sheet,固定资产净值,固定资产净值,固定资产净值,ZT_045,固定资产净额,1,0.708333,token_overlap,,False,债务人审计报告-2022年:4:aliyun_table:0:23-23:3-3,
债务人审计报告-2022年,4,aliyun_table,balance_sheet,固定资产净值,固定资产净值,固定资产净值,ZT_046,固定资产原值,2,0.708333,token_overlap,,False,债务人审计报告-2022年:4:aliyun_table:0:23-23:3-3,
债务人审计报告-2022年,4,aliyun_table,balance_sheet,减:固定资产减值准备,减:固定资产减值准备,:固定资产减值准备,ZT_048,减:固定资产减值准备,1,1.0,exact_normalized_match,,False,债务人审计报告-2022年:4:aliyun_table:0:24-24:2-2,
债务人审计报告-2022年,4,aliyun_table,balance_sheet,减:固定资产减值准备,减:固定资产减值准备,:固定资产减值准备,ZT_048,减:固定资产减值准备,1,1.0,exact_normalized_match,,False,债务人审计报告-2022年:4:aliyun_table:0:24-24:3-3,
债务人审计报告-2022年,4,aliyun_table,balance_sheet,固定资产合计,固定资产合计,固定资产合计,ZT_044,固定资产及清理合计,1,0.673333,token_overlap,,False,债务人审计报告-2022年:4:aliyun_table:0:29-29:2-2,
债务人审计报告-2022年,4,aliyun_table,balance_sheet,固定资产合计,固定资产合计,固定资产合计,ZT_044,固定资产及清理合计,1,0.673333,token_overlap,,False,债务人审计报告-2022年:4:aliyun_table:0:29-29:3-3,
债务人审计报告-2022年,4,aliyun_table,balance_sheet,其他长期资产,其他长期资产,其他长期资产,ZT_042,其他长期投资,1,0.708333,token_overlap,,False,债务人审计报告-2022年:4:aliyun_table:0:33-33:2-2,
债务人审计报告-2022年,4,aliyun_table,balance_sheet,其他长期资产,其他长期资产,其他长期资产,ZT_042,其他长期投资,1,0.708333,token_overlap,,False,债务人审计报告-2022年:4:aliyun_table:0:33-33:3-3,
债务人审计报告-2022年,4,aliyun_table,balance_sheet,预计负债,预计负债,预计负债,ZT_091,预计流动负债,1,0.673333,token_overlap,,False,债务人审计报告-2022年:4:aliyun_table:0:13-13:6-6,
债务人审计报告-2022年,4,aliyun_table,balance_sheet,预计负债,预计负债,预计负债,ZT_091,预计流动负债,1,0.673333,token_overlap,,False,债务人审计报告-2022年:4:aliyun_table:0:13-13:7-7,
债务人审计报告-2022年,4,aliyun_table,balance_sheet,长期负债合计,长期负债合计,长期负债合计,ZT_119,负债合计,1,0.723333,prefix_suffix_heuristic,,False,债务人审计报告-2022年:4:aliyun_table:0:24-24:6-6,
债务人审计报告-2022年,4,aliyun_table,balance_sheet,长期负债合计,长期负债合计,长期负债合计,ZT_119,负债合计,1,0.723333,prefix_suffix_heuristic,,False,债务人审计报告-2022年:4:aliyun_table:0:24-24:7-7,
债务人审计报告-2022年,4,aliyun_table,balance_sheet,股东权益:,股东权益,股东权益,ZT_135,少数股东权益,1,0.723333,prefix_suffix_heuristic,,False,债务人审计报告-2022年:4:aliyun_table:0:29-29:6-6,
债务人审计报告-2022年,4,aliyun_table,balance_sheet,股东权益:,股东权益,股东权益,ZT_135,少数股东权益,1,0.723333,prefix_suffix_heuristic,,False,债务人审计报告-2022年:4:aliyun_table:0:29-29:7-7,
债务人审计报告-2022年,4,tencent_table_v3,balance_sheet,长期投资:,长期投资,长期投资,ZT_042,其他长期投资,1,0.723333,prefix_suffix_heuristic,,False,债务人审计报告-2022年:4:tencent_table_v3:5:16-16:2-2,
债务人审计报告-2022年,4,tencent_table_v3,balance_sheet,长期投资:,长期投资,长期投资,ZT_039,长期股权投资,2,0.673333,token_overlap,,False,债务人审计报告-2022年:4:tencent_table_v3:5:16-16:2-2,
债务人审计报告-2022年,4,tencent_table_v3,balance_sheet,长期投资:,长期投资,长期投资,ZT_042,其他长期投资,1,0.723333,prefix_suffix_heuristic,,False,债务人审计报告-2022年:4:tencent_table_v3:5:16-16:3-3,
债务人审计报告-2022年,4,tencent_table_v3,balance_sheet,长期投资:,长期投资,长期投资,ZT_039,长期股权投资,2,0.673333,token_overlap,,False,债务人审计报告-2022年:4:tencent_table_v3:5:16-16:3-3,
债务人审计报告-2022年,4,tencent_table_v3,balance_sheet,长期债权投资,长期债权投资,长期债权投资,ZT_036,债权投资,1,0.723333,prefix_suffix_heuristic,,False,债务人审计报告-2022年:4:tencent_table_v3:5:18-18:2-2,
债务人审计报告-2022年,4,tencent_table_v3,balance_sheet,长期债权投资,长期债权投资,长期债权投资,ZT_039,长期股权投资,2,0.708333,token_overlap,,False,债务人审计报告-2022年:4:tencent_table_v3:5:18-18:2-2,
债务人审计报告-2022年,4,tencent_table_v3,balance_sheet,长期债权投资,长期债权投资,长期债权投资,ZT_036,债权投资,1,0.723333,prefix_suffix_heuristic,,False,债务人审计报告-2022年:4:tencent_table_v3:5:18-18:3-3,
债务人审计报告-2022年,4,tencent_table_v3,balance_sheet,长期债权投资,长期债权投资,长期债权投资,ZT_039,长期股权投资,2,0.708333,token_overlap,,False,债务人审计报告-2022年:4:tencent_table_v3:5:18-18:3-3,
债务人审计报告-2022年,4,tencent_table_v3,balance_sheet,固定资产:,固定资产,固定资产,ZT_045,固定资产净额,1,0.753333,prefix_suffix_heuristic,,False,债务人审计报告-2022年:4:tencent_table_v3:5:20-20:2-2,
债务人审计报告-2022年,4,tencent_table_v3,balance_sheet,固定资产:,固定资产,固定资产,ZT_046,固定资产原值,2,0.753333,prefix_suffix_heuristic,,False,债务人审计报告-2022年:4:tencent_table_v3:5:20-20:2-2,
债务人审计报告-2022年,4,tencent_table_v3,balance_sheet,固定资产:,固定资产,固定资产,ZT_049,固定资产清理,3,0.753333,prefix_suffix_heuristic,,False,债务人审计报告-2022年:4:tencent_table_v3:5:20-20:2-2,
债务人审计报告-2022年,4,tencent_table_v3,balance_sheet,固定资产:,固定资产,固定资产,ZT_045,固定资产净额,1,0.753333,prefix_suffix_heuristic,,False,债务人审计报告-2022年:4:tencent_table_v3:5:20-20:3-3,
债务人审计报告-2022年,4,tencent_table_v3,balance_sheet,固定资产:,固定资产,固定资产,ZT_046,固定资产原值,2,0.753333,prefix_suffix_heuristic,,False,债务人审计报告-2022年:4:tencent_table_v3:5:20-20:3-3,
债务人审计报告-2022年,4,tencent_table_v3,balance_sheet,固定资产:,固定资产,固定资产,ZT_049,固定资产清理,3,0.753333,prefix_suffix_heuristic,,False,债务人审计报告-2022年:4:tencent_table_v3:5:20-20:3-3,
债务人审计报告-2022年,4,tencent_table_v3,balance_sheet,固定资产原价,固定资产原价,固定资产原价,ZT_046,固定资产原值,1,0.708333,token_overlap,,False,债务人审计报告-2022年:4:tencent_table_v3:5:21-21:2-2,
债务人审计报告-2022年,4,tencent_table_v3,balance_sheet,固定资产原价,固定资产原价,固定资产原价,ZT_046,固定资产原值,1,0.708333,token_overlap,,False,债务人审计报告-2022年:4:tencent_table_v3:5:21-21:3-3,
债务人审计报告-2022年,4,tencent_table_v3,balance_sheet,减:累计折旧,减:累计折旧,:累计折旧,ZT_047,减:累计折旧,1,1.0,exact_normalized_match,,False,债务人审计报告-2022年:4:tencent_table_v3:5:22-22:2-2,
债务人审计报告-2022年,4,tencent_table_v3,balance_sheet,减:累计折旧,减:累计折旧,:累计折旧,ZT_047,减:累计折旧,1,1.0,exact_normalized_match,,False,债务人审计报告-2022年:4:tencent_table_v3:5:22-22:3-3,
债务人审计报告-2022年,4,tencent_table_v3,balance_sheet,固定资产净值,固定资产净值,固定资产净值,ZT_045,固定资产净额,1,0.708333,token_overlap,,False,债务人审计报告-2022年:4:tencent_table_v3:5:23-23:2-2,
债务人审计报告-2022年,4,tencent_table_v3,balance_sheet,固定资产净值,固定资产净值,固定资产净值,ZT_046,固定资产原值,2,0.708333,token_overlap,,False,债务人审计报告-2022年:4:tencent_table_v3:5:23-23:2-2,
债务人审计报告-2022年,4,tencent_table_v3,balance_sheet,固定资产净值,固定资产净值,固定资产净值,ZT_045,固定资产净额,1,0.708333,token_overlap,,False,债务人审计报告-2022年:4:tencent_table_v3:5:23-23:3-3,
债务人审计报告-2022年,4,tencent_table_v3,balance_sheet,固定资产净值,固定资产净值,固定资产净值,ZT_046,固定资产原值,2,0.708333,token_overlap,,False,债务人审计报告-2022年:4:tencent_table_v3:5:23-23:3-3,
债务人审计报告-2022年,4,tencent_table_v3,balance_sheet,减:固定资产减值准备,减:固定资产减值准备,:固定资产减值准备,ZT_048,减:固定资产减值准备,1,1.0,exact_normalized_match,,False,债务人审计报告-2022年:4:tencent_table_v3:5:24-24:2-2,
债务人审计报告-2022年,4,tencent_table_v3,balance_sheet,减:固定资产减值准备,减:固定资产减值准备,:固定资产减值准备,ZT_048,减:固定资产减值准备,1,1.0,exact_normalized_match,,False,债务人审计报告-2022年:4:tencent_table_v3:5:24-24:3-3,
债务人审计报告-2022年,4,tencent_table_v3,balance_sheet,固定资产合计,固定资产合计,固定资产合计,ZT_044,固定资产及清理合计,1,0.673333,token_overlap,,False,债务人审计报告-2022年:4:tencent_table_v3:5:29-29:2-2,
债务人审计报告-2022年,4,tencent_table_v3,balance_sheet,固定资产合计,固定资产合计,固定资产合计,ZT_044,固定资产及清理合计,1,0.673333,token_overlap,,False,债务人审计报告-2022年:4:tencent_table_v3:5:29-29:3-3,
债务人审计报告-2022年,4,tencent_table_v3,balance_sheet,其他长期资产,其他长期资产,其他长期资产,ZT_042,其他长期投资,1,0.708333,token_overlap,,False,债务人审计报告-2022年:4:tencent_table_v3:5:33-33:2-2,
债务人审计报告-2022年,4,tencent_table_v3,balance_sheet,其他长期资产,其他长期资产,其他长期资产,ZT_042,其他长期投资,1,0.708333,token_overlap,,False,债务人审计报告-2022年:4:tencent_table_v3:5:33-33:3-3,
债务人审计报告-2022年,4,tencent_table_v3,balance_sheet,预计负债,预计负债,预计负债,ZT_091,预计流动负债,1,0.673333,token_overlap,,False,债务人审计报告-2022年:4:tencent_table_v3:5:13-13:6-6,
债务人审计报告-2022年,4,tencent_table_v3,balance_sheet,预计负债,预计负债,预计负债,ZT_091,预计流动负债,1,0.673333,token_overlap,,False,债务人审计报告-2022年:4:tencent_table_v3:5:13-13:7-7,
债务人审计报告-2022年,4,tencent_table_v3,balance_sheet,长期负债合计,长期负债合计,长期负债合计,ZT_119,负债合计,1,0.723333,prefix_suffix_heuristic,,False,债务人审计报告-2022年:4:tencent_table_v3:5:24-24:6-6,
债务人审计报告-2022年,4,tencent_table_v3,balance_sheet,长期负债合计,长期负债合计,长期负债合计,ZT_119,负债合计,1,0.723333,prefix_suffix_heuristic,,False,债务人审计报告-2022年:4:tencent_table_v3:5:24-24:7-7,
债务人审计报告-2022年,4,tencent_table_v3,balance_sheet,股东权益:,股东权益,股东权益,ZT_135,少数股东权益,1,0.723333,prefix_suffix_heuristic,,False,债务人审计报告-2022年:4:tencent_table_v3:5:29-29:6-6,
债务人审计报告-2022年,4,tencent_table_v3,balance_sheet,股东权益:,股东权益,股东权益,ZT_135,少数股东权益,1,0.723333,prefix_suffix_heuristic,,False,债务人审计报告-2022年:4:tencent_table_v3:5:29-29:7-7,
债务人审计报告-2022年,5,aliyun_table,unknown,主营业务税金及附加,主营业务税金及附加,主营业务税金及附加,ZT_145,营业税金及附加,1,0.753472,token_overlap,,False,债务人审计报告-2022年:5:aliyun_table:0:3-3:2-2,
债务人审计报告-2022年,5,aliyun_table,unknown,主营业务税金及附加,主营业务税金及附加,主营业务税金及附加,ZT_145,营业税金及附加,1,0.753472,token_overlap,,False,债务人审计报告-2022年:5:aliyun_table:0:3-3:3-3,
债务人审计报告-2022年,5,aliyun_table,unknown,加:其他业务利润,加:其他业务利润,:其他业务利润,ZT_169,其他业务利润,1,0.857692,fuzzy_sequence,,False,债务人审计报告-2022年:5:aliyun_table:0:5-5:2-2,
债务人审计报告-2022年,5,aliyun_table,unknown,加:其他业务利润,加:其他业务利润,:其他业务利润,ZT_169,其他业务利润,1,0.857692,fuzzy_sequence,,False,债务人审计报告-2022年:5:aliyun_table:0:5-5:3-3,
债务人审计报告-2022年,5,aliyun_table,unknown,"三,营业利润","三,营业利润","三,营业利润",ZT_174,营业利润,1,0.723333,prefix_suffix_heuristic,,False,债务人审计报告-2022年:5:aliyun_table:0:9-9:2-2,
债务人审计报告-2022年,5,aliyun_table,unknown,"三,营业利润","三,营业利润","三,营业利润",ZT_174,营业利润,1,0.723333,prefix_suffix_heuristic,,False,债务人审计报告-2022年:5:aliyun_table:0:9-9:3-3,
债务人审计报告-2022年,5,aliyun_table,unknown,加:投资收益,加:投资收益,:投资收益,ZT_162,投资收益,1,0.818889,prefix_suffix_heuristic,,False,债务人审计报告-2022年:5:aliyun_table:0:10-10:2-2,
债务人审计报告-2022年,5,aliyun_table,unknown,加:投资收益,加:投资收益,:投资收益,ZT_162,投资收益,1,0.818889,prefix_suffix_heuristic,,False,债务人审计报告-2022年:5:aliyun_table:0:10-10:3-3,
债务人审计报告-2022年,5,aliyun_table,unknown,营业外收入,营业外收入,营业外收入,ZT_175,加:营业外收入,1,0.841667,fuzzy_sequence,,False,债务人审计报告-2022年:5:aliyun_table:0:12-12:2-2,
债务人审计报告-2022年,5,aliyun_table,unknown,营业外收入,营业外收入,营业外收入,ZT_138,营业收入,2,0.768889,token_overlap,,False,债务人审计报告-2022年:5:aliyun_table:0:12-12:2-2,
债务人审计报告-2022年,5,aliyun_table,unknown,营业外收入,营业外收入,营业外收入,ZT_137,营业总收入,3,0.673333,token_overlap,,False,债务人审计报告-2022年:5:aliyun_table:0:12-12:2-2,
债务人审计报告-2022年,5,aliyun_table,unknown,营业外收入,营业外收入,营业外收入,ZT_175,加:营业外收入,1,0.841667,fuzzy_sequence,,False,债务人审计报告-2022年:5:aliyun_table:0:12-12:3-3,
债务人审计报告-2022年,5,aliyun_table,unknown,营业外收入,营业外收入,营业外收入,ZT_138,营业收入,2,0.768889,token_overlap,,False,债务人审计报告-2022年:5:aliyun_table:0:12-12:3-3,
债务人审计报告-2022年,5,aliyun_table,unknown,营业外收入,营业外收入,营业外收入,ZT_137,营业总收入,3,0.673333,token_overlap,,False,债务人审计报告-2022年:5:aliyun_table:0:12-12:3-3,
债务人审计报告-2022年,5,aliyun_table,unknown,减:营业外支出,减:营业外支出,:营业外支出,ZT_177,减:营业外支出,1,1.0,exact_normalized_match,,False,债务人审计报告-2022年:5:aliyun_table:0:13-13:2-2,
债务人审计报告-2022年,5,aliyun_table,unknown,减:营业外支出,减:营业外支出,:营业外支出,ZT_177,减:营业外支出,1,1.0,exact_normalized_match,,False,债务人审计报告-2022年:5:aliyun_table:0:13-13:3-3,
债务人审计报告-2022年,5,aliyun_table,unknown,"四,利润总额","四,利润总额","四,利润总额",ZT_179,利润总额,1,0.723333,prefix_suffix_heuristic,,False,债务人审计报告-2022年:5:aliyun_table:0:14-14:2-2,
债务人审计报告-2022年,5,aliyun_table,unknown,"四,利润总额","四,利润总额","四,利润总额",ZT_179,利润总额,1,0.723333,prefix_suffix_heuristic,,False,债务人审计报告-2022年:5:aliyun_table:0:14-14:3-3,
债务人审计报告-2022年,5,aliyun_table,unknown,减:所得税,减:所得税,:所得税,ZT_180,减:所得税,1,1.0,exact_normalized_match,,False,债务人审计报告-2022年:5:aliyun_table:0:15-15:2-2,
债务人审计报告-2022年,5,aliyun_table,unknown,减:所得税,减:所得税,:所得税,ZT_180,减:所得税,1,1.0,exact_normalized_match,,False,债务人审计报告-2022年:5:aliyun_table:0:15-15:3-3,
债务人审计报告-2022年,5,aliyun_table,unknown,"五,净利润","五,净利润","五,净利润",ZT_182,净利润,1,0.6725,prefix_suffix_heuristic,,False,债务人审计报告-2022年:5:aliyun_table:0:16-16:2-2,
债务人审计报告-2022年,5,aliyun_table,unknown,"五,净利润","五,净利润","五,净利润",ZT_182,净利润,1,0.6725,prefix_suffix_heuristic,,False,债务人审计报告-2022年:5:aliyun_table:0:16-16:3-3,
债务人审计报告-2022年,5,aliyun_table,unknown,加:期初未分配利润,加:期初未分配利润,:期初未分配利润,ZT_131,未分配利润,1,0.691827,prefix_suffix_heuristic,,False,债务人审计报告-2022年:5:aliyun_table:0:17-17:2-2,
债务人审计报告-2022年,5,aliyun_table,unknown,加:期初未分配利润,加:期初未分配利润,:期初未分配利润,ZT_131,未分配利润,1,0.691827,prefix_suffix_heuristic,,False,债务人审计报告-2022年:5:aliyun_table:0:17-17:3-3,
债务人审计报告-2022年,5,aliyun_table,unknown,"八,未分配利润","八,未分配利润","八,未分配利润",ZT_131,未分配利润,1,0.758333,prefix_suffix_heuristic,,False,债务人审计报告-2022年:5:aliyun_table:0:30-30:2-2,
债务人审计报告-2022年,5,aliyun_table,unknown,"八,未分配利润","八,未分配利润","八,未分配利润",ZT_131,未分配利润,1,0.758333,prefix_suffix_heuristic,,False,债务人审计报告-2022年:5:aliyun_table:0:30-30:3-3,
债务人审计报告-2022年,5,tencent_table_v3,unknown,主营业务税金及附加,主营业务税金及附加,主营业务税金及附加,ZT_145,营业税金及附加,1,0.753472,token_overlap,,False,债务人审计报告-2022年:5:tencent_table_v3:5:3-3:2-2,
债务人审计报告-2022年,5,tencent_table_v3,unknown,主营业务税金及附加,主营业务税金及附加,主营业务税金及附加,ZT_145,营业税金及附加,1,0.753472,token_overlap,,False,债务人审计报告-2022年:5:tencent_table_v3:5:3-3:3-3,
债务人审计报告-2022年,5,tencent_table_v3,unknown,加:其他业务利润,加:其他业务利润,:其他业务利润,ZT_169,其他业务利润,1,0.857692,fuzzy_sequence,,False,债务人审计报告-2022年:5:tencent_table_v3:5:5-5:2-2,
债务人审计报告-2022年,5,tencent_table_v3,unknown,加:其他业务利润,加:其他业务利润,:其他业务利润,ZT_169,其他业务利润,1,0.857692,fuzzy_sequence,,False,债务人审计报告-2022年:5:tencent_table_v3:5:5-5:3-3,
债务人审计报告-2022年,5,tencent_table_v3,unknown,"三,营业利润","三,营业利润","三,营业利润",ZT_174,营业利润,1,0.723333,prefix_suffix_heuristic,,False,债务人审计报告-2022年:5:tencent_table_v3:5:9-9:2-2,
债务人审计报告-2022年,5,tencent_table_v3,unknown,"三,营业利润","三,营业利润","三,营业利润",ZT_174,营业利润,1,0.723333,prefix_suffix_heuristic,,False,债务人审计报告-2022年:5:tencent_table_v3:5:9-9:3-3,
债务人审计报告-2022年,5,tencent_table_v3,unknown,加:投资收益,加:投资收益,:投资收益,ZT_162,投资收益,1,0.818889,prefix_suffix_heuristic,,False,债务人审计报告-2022年:5:tencent_table_v3:5:10-10:2-2,
债务人审计报告-2022年,5,tencent_table_v3,unknown,加:投资收益,加:投资收益,:投资收益,ZT_162,投资收益,1,0.818889,prefix_suffix_heuristic,,False,债务人审计报告-2022年:5:tencent_table_v3:5:10-10:3-3,
债务人审计报告-2022年,5,tencent_table_v3,unknown,营业外收入,营业外收入,营业外收入,ZT_175,加:营业外收入,1,0.841667,fuzzy_sequence,,False,债务人审计报告-2022年:5:tencent_table_v3:5:12-12:2-2,
债务人审计报告-2022年,5,tencent_table_v3,unknown,营业外收入,营业外收入,营业外收入,ZT_138,营业收入,2,0.768889,token_overlap,,False,债务人审计报告-2022年:5:tencent_table_v3:5:12-12:2-2,
债务人审计报告-2022年,5,tencent_table_v3,unknown,营业外收入,营业外收入,营业外收入,ZT_137,营业总收入,3,0.673333,token_overlap,,False,债务人审计报告-2022年:5:tencent_table_v3:5:12-12:2-2,
债务人审计报告-2022年,5,tencent_table_v3,unknown,营业外收入,营业外收入,营业外收入,ZT_175,加:营业外收入,1,0.841667,fuzzy_sequence,,False,债务人审计报告-2022年:5:tencent_table_v3:5:12-12:3-3,
债务人审计报告-2022年,5,tencent_table_v3,unknown,营业外收入,营业外收入,营业外收入,ZT_138,营业收入,2,0.768889,token_overlap,,False,债务人审计报告-2022年:5:tencent_table_v3:5:12-12:3-3,
债务人审计报告-2022年,5,tencent_table_v3,unknown,营业外收入,营业外收入,营业外收入,ZT_137,营业总收入,3,0.673333,token_overlap,,False,债务人审计报告-2022年:5:tencent_table_v3:5:12-12:3-3,
债务人审计报告-2022年,5,tencent_table_v3,unknown,减:营业外支出,减:营业外支出,:营业外支出,ZT_177,减:营业外支出,1,1.0,exact_normalized_match,,False,债务人审计报告-2022年:5:tencent_table_v3:5:13-13:2-2,
债务人审计报告-2022年,5,tencent_table_v3,unknown,减:营业外支出,减:营业外支出,:营业外支出,ZT_177,减:营业外支出,1,1.0,exact_normalized_match,,False,债务人审计报告-2022年:5:tencent_table_v3:5:13-13:3-3,
债务人审计报告-2022年,5,tencent_table_v3,unknown,"四,利润总额","四,利润总额","四,利润总额",ZT_179,利润总额,1,0.723333,prefix_suffix_heuristic,,False,债务人审计报告-2022年:5:tencent_table_v3:5:14-14:2-2,
债务人审计报告-2022年,5,tencent_table_v3,unknown,"四,利润总额","四,利润总额","四,利润总额",ZT_179,利润总额,1,0.723333,prefix_suffix_heuristic,,False,债务人审计报告-2022年:5:tencent_table_v3:5:14-14:3-3,
债务人审计报告-2022年,5,tencent_table_v3,unknown,减:所得税,减:所得税,:所得税,ZT_180,减:所得税,1,1.0,exact_normalized_match,,False,债务人审计报告-2022年:5:tencent_table_v3:5:15-15:2-2,
债务人审计报告-2022年,5,tencent_table_v3,unknown,减:所得税,减:所得税,:所得税,ZT_180,减:所得税,1,1.0,exact_normalized_match,,False,债务人审计报告-2022年:5:tencent_table_v3:5:15-15:3-3,
债务人审计报告-2022年,5,tencent_table_v3,unknown,"五,净利润","五,净利润","五,净利润",ZT_182,净利润,1,0.6725,prefix_suffix_heuristic,,False,债务人审计报告-2022年:5:tencent_table_v3:5:16-16:2-2,
债务人审计报告-2022年,5,tencent_table_v3,unknown,"五,净利润","五,净利润","五,净利润",ZT_182,净利润,1,0.6725,prefix_suffix_heuristic,,False,债务人审计报告-2022年:5:tencent_table_v3:5:16-16:3-3,
债务人审计报告-2022年,5,tencent_table_v3,unknown,加:期初未分配利润,加:期初未分配利润,:期初未分配利润,ZT_131,未分配利润,1,0.691827,prefix_suffix_heuristic,,False,债务人审计报告-2022年:5:tencent_table_v3:5:17-17:2-2,
债务人审计报告-2022年,5,tencent_table_v3,unknown,加:期初未分配利润,加:期初未分配利润,:期初未分配利润,ZT_131,未分配利润,1,0.691827,prefix_suffix_heuristic,,False,债务人审计报告-2022年:5:tencent_table_v3:5:17-17:3-3,
债务人审计报告-2022年,5,tencent_table_v3,unknown,应付普通股股利,应付普通股股利,应付普通股股利,ZT_085,应付股利,1,0.633333,token_overlap,,False,债务人审计报告-2022年:5:tencent_table_v3:5:28-28:2-2,
债务人审计报告-2022年,5,tencent_table_v3,unknown,应付普通股股利,应付普通股股利,应付普通股股利,ZT_085,应付股利,1,0.633333,token_overlap,,False,债务人审计报告-2022年:5:tencent_table_v3:5:28-28:3-3,
债务人审计报告-2022年,5,tencent_table_v3,unknown,"八,未分配利润","八,未分配利润","八,未分配利润",ZT_131,未分配利润,1,0.758333,prefix_suffix_heuristic,,False,债务人审计报告-2022年:5:tencent_table_v3:5:30-30:2-2,
债务人审计报告-2022年,5,tencent_table_v3,unknown,"八,未分配利润","八,未分配利润","八,未分配利润",ZT_131,未分配利润,1,0.758333,prefix_suffix_heuristic,,False,债务人审计报告-2022年:5:tencent_table_v3:5:30-30:3-3,
债务人审计报告-2022年,6,aliyun_table,cash_flow,无形资产摊销,无形资产摊销,无形资产摊销,ZT_057,无形资产,1,0.753333,prefix_suffix_heuristic,,False,债务人审计报告-2022年:6:aliyun_table:0:5-5:5-5,
债务人审计报告-2022年,6,aliyun_table,cash_flow,长期待摊费用摊销,长期待摊费用摊销,长期待摊费用摊销,ZT_062,长期待摊费用,1,0.851429,prefix_suffix_heuristic,,False,债务人审计报告-2022年:6:aliyun_table:0:6-6:5-5,
债务人审计报告-2022年,6,aliyun_table,cash_flow,待摊费用减少(减:增加),待摊费用减少(减:增加),待摊费用减少,ZT_027,待摊费用,1,0.753333,prefix_suffix_heuristic,,False,债务人审计报告-2022年:6:aliyun_table:0:7-7:5-5,
债务人审计报告-2022年,6,aliyun_table,cash_flow,预提费用增加(减:减少),预提费用增加(减:减少),预提费用增加,ZT_090,预提费用,1,0.753333,prefix_suffix_heuristic,,False,债务人审计报告-2022年:6:aliyun_table:0:8-8:5-5,
债务人审计报告-2022年,6,aliyun_table,cash_flow,投资损失(减:收益),投资损失(减:收益),投资损失,ZT_181,未确认投资损失,1,0.65,prefix_suffix_heuristic,,False,债务人审计报告-2022年:6:aliyun_table:0:12-12:5-5,
债务人审计报告-2022年,6,aliyun_table,cash_flow,其他,其他,其他,ZT_173,其他收益,1,0.621667,prefix_suffix_heuristic,,False,债务人审计报告-2022年:6:aliyun_table:0:17-17:5-5,
债务人审计报告-2022年,6,tencent_table_v3,cash_flow,无形资产摊销,无形资产摊销,无形资产摊销,ZT_057,无形资产,1,0.753333,prefix_suffix_heuristic,,False,债务人审计报告-2022年:6:tencent_table_v3:5:5-5:5-5,
债务人审计报告-2022年,6,tencent_table_v3,cash_flow,长期待摊费用摊销,长期待摊费用摊销,长期待摊费用摊销,ZT_062,长期待摊费用,1,0.851429,prefix_suffix_heuristic,,False,债务人审计报告-2022年:6:tencent_table_v3:5:6-6:5-5,
债务人审计报告-2022年,6,tencent_table_v3,cash_flow,待摊费用减少(减:增加),待摊费用减少(减:增加),待摊费用减少,ZT_027,待摊费用,1,0.753333,prefix_suffix_heuristic,,False,债务人审计报告-2022年:6:tencent_table_v3:5:7-7:5-5,
债务人审计报告-2022年,6,tencent_table_v3,cash_flow,预提费用增加(减:减少),预提费用增加(减:减少),预提费用增加,ZT_090,预提费用,1,0.753333,prefix_suffix_heuristic,,False,债务人审计报告-2022年:6:tencent_table_v3:5:8-8:5-5,
债务人审计报告-2022年,6,tencent_table_v3,cash_flow,投资损失(减:收益),投资损失(减:收益),投资损失,ZT_181,未确认投资损失,1,0.65,prefix_suffix_heuristic,,False,债务人审计报告-2022年:6:tencent_table_v3:5:12-12:5-5,
债务人审计报告-2022年,6,tencent_table_v3,cash_flow,其他,其他,其他,ZT_173,其他收益,1,0.621667,prefix_suffix_heuristic,,False,债务人审计报告-2022年:6:tencent_table_v3:5:17-17:5-5,
债务人审计报告-2022年,13,aliyun_table,note,2.应收票据,2.应收票据,2.应收票据,ZT_007,应收票据,1,0.723333,prefix_suffix_heuristic,,False,债务人审计报告-2022年:13:aliyun_table:0:4-4:0-2,
债务人审计报告-2022年,13,aliyun_table,note,2.应收票据,2.应收票据,2.应收票据,ZT_007,应收票据,1,0.723333,prefix_suffix_heuristic,,False,债务人审计报告-2022年:13:aliyun_table:0:4-4:0-2,
债务人审计报告-2022年,14,aliyun_table,note,累计折旧,累计折旧,累计折旧,ZT_047,减:累计折旧,1,0.818889,prefix_suffix_heuristic,,False,债务人审计报告-2022年:14:aliyun_table:2:7-7:1-1,
债务人审计报告-2022年,14,aliyun_table,note,累计折旧,累计折旧,累计折旧,ZT_047,减:累计折旧,1,0.818889,prefix_suffix_heuristic,,False,债务人审计报告-2022年:14:aliyun_table:2:7-7:2-2,
债务人审计报告-2022年,14,aliyun_table,note,累计折旧,累计折旧,累计折旧,ZT_047,减:累计折旧,1,0.818889,prefix_suffix_heuristic,,False,债务人审计报告-2022年:14:aliyun_table:2:7-7:3-3,
债务人审计报告-2022年,14,aliyun_table,note,累计折旧,累计折旧,累计折旧,ZT_047,减:累计折旧,1,0.818889,prefix_suffix_heuristic,,False,债务人审计报告-2022年:14:aliyun_table:2:7-7:4-4,
债务人审计报告-2022年,14,tencent_table_v3,note,累计折旧,累计折旧,累计折旧,ZT_047,减:累计折旧,1,0.818889,prefix_suffix_heuristic,,False,债务人审计报告-2022年:14:tencent_table_v3:8:7-7:1-1,
债务人审计报告-2022年,14,tencent_table_v3,note,累计折旧,累计折旧,累计折旧,ZT_047,减:累计折旧,1,0.818889,prefix_suffix_heuristic,,False,债务人审计报告-2022年:14:tencent_table_v3:8:7-7:2-2,
债务人审计报告-2022年,14,tencent_table_v3,note,累计折旧,累计折旧,累计折旧,ZT_047,减:累计折旧,1,0.818889,prefix_suffix_heuristic,,False,债务人审计报告-2022年:14:tencent_table_v3:8:7-7:3-3,
债务人审计报告-2022年,14,tencent_table_v3,note,累计折旧,累计折旧,累计折旧,ZT_047,减:累计折旧,1,0.818889,prefix_suffix_heuristic,,False,债务人审计报告-2022年:14:tencent_table_v3:8:7-7:4-4,
债务人审计报告-2022年,15,aliyun_table,note,14.长期借款,14.长期借款,14.长期借款,ZT_105,长期借款,1,0.65,prefix_suffix_heuristic,,False,债务人审计报告-2022年:15:aliyun_table:2:9-9:0-6,
债务人审计报告-2022年,15,aliyun_table,note,14.长期借款,14.长期借款,14.长期借款,ZT_105,长期借款,1,0.65,prefix_suffix_heuristic,,False,债务人审计报告-2022年:15:aliyun_table:2:9-9:0-6,
债务人审计报告-2022年,15,aliyun_table,note,14.长期借款,14.长期借款,14.长期借款,ZT_105,长期借款,1,0.65,prefix_suffix_heuristic,,False,债务人审计报告-2022年:15:aliyun_table:2:9-9:0-6,
债务人审计报告-2022年,15,aliyun_table,note,14.长期借款,14.长期借款,14.长期借款,ZT_105,长期借款,1,0.65,prefix_suffix_heuristic,,False,债务人审计报告-2022年:15:aliyun_table:2:9-9:0-6,
债务人审计报告-2022年,15,aliyun_table,note,14.长期借款,14.长期借款,14.长期借款,ZT_105,长期借款,1,0.65,prefix_suffix_heuristic,,False,债务人审计报告-2022年:15:aliyun_table:2:9-9:0-6,
债务人审计报告-2022年,15,aliyun_table,note,14.长期借款,14.长期借款,14.长期借款,ZT_105,长期借款,1,0.65,prefix_suffix_heuristic,,False,债务人审计报告-2022年:15:aliyun_table:2:9-9:0-6,
债务人审计报告-2022年,16,aliyun_table,note,16.未分配利润,16.未分配利润,16.未分配利润,ZT_131,未分配利润,1,0.691827,prefix_suffix_heuristic,,False,债务人审计报告-2022年:16:aliyun_table:0:3-3:0-4,
债务人审计报告-2022年,16,aliyun_table,note,16.未分配利润,16.未分配利润,16.未分配利润,ZT_131,未分配利润,1,0.691827,prefix_suffix_heuristic,,False,债务人审计报告-2022年:16:aliyun_table:0:3-3:0-4,
债务人审计报告-2022年,16,aliyun_table,note,年初未分配利润,年初未分配利润,年初未分配利润,ZT_131,未分配利润,1,0.758333,prefix_suffix_heuristic,,False,债务人审计报告-2022年:16:aliyun_table:0:5-5:1-2,
债务人审计报告-2022年,16,aliyun_table,note,年初未分配利润,年初未分配利润,年初未分配利润,ZT_131,未分配利润,1,0.758333,prefix_suffix_heuristic,,False,债务人审计报告-2022年:16:aliyun_table:0:5-5:3-4,
债务人审计报告-2022年,16,aliyun_table,note,减:提取盈余公积,减:提取盈余公积,:提取盈余公积,ZT_128,盈余公积,1,0.65,prefix_suffix_heuristic,,False,债务人审计报告-2022年:16:aliyun_table:0:8-8:1-2,
债务人审计报告-2022年,16,aliyun_table,note,减:提取盈余公积,减:提取盈余公积,:提取盈余公积,ZT_128,盈余公积,1,0.65,prefix_suffix_heuristic,,False,债务人审计报告-2022年:16:aliyun_table:0:8-8:3-4,
债务人审计报告-2022年,16,aliyun_table,note,年末未分配利润,年末未分配利润,年末未分配利润,ZT_131,未分配利润,1,0.758333,prefix_suffix_heuristic,,False,债务人审计报告-2022年:16:aliyun_table:0:11-11:1-2,
债务人审计报告-2022年,16,aliyun_table,note,年末未分配利润,年末未分配利润,年末未分配利润,ZT_131,未分配利润,1,0.758333,prefix_suffix_heuristic,,False,债务人审计报告-2022年:16:aliyun_table:0:11-11:3-4,
债务人审计报告-2022年,16,aliyun_table,note,4.其他业务利润,4.其他业务利润,4.其他业务利润,ZT_169,其他业务利润,1,0.783929,prefix_suffix_heuristic,,False,债务人审计报告-2022年:16:aliyun_table:3:3-3:0-2,
债务人审计报告-2022年,16,aliyun_table,note,4.其他业务利润,4.其他业务利润,4.其他业务利润,ZT_169,其他业务利润,1,0.783929,prefix_suffix_heuristic,,False,债务人审计报告-2022年:16:aliyun_table:3:3-3:0-2,
债务人审计报告-2022年,16,aliyun_table,note,其他业务收入,其他业务收入,其他业务收入,ZT_139,其他业务收入（金融类）,1,1.0,exact_normalized_match,,False,债务人审计报告-2022年:16:aliyun_table:3:5-5:1-1,
债务人审计报告-2022年,16,aliyun_table,note,其他业务收入,其他业务收入,其他业务收入,ZT_139,其他业务收入（金融类）,1,1.0,exact_normalized_match,,False,债务人审计报告-2022年:16:aliyun_table:3:5-5:2-2,
债务人审计报告-2022年,16,aliyun_table,note,减:基他业务成本,减:基他业务成本,:基他业务成本,ZT_152,其他业务成本（金融类）,1,0.641827,token_overlap,,False,债务人审计报告-2022年:16:aliyun_table:3:6-6:1-1,
债务人审计报告-2022年,16,aliyun_table,note,减:基他业务成本,减:基他业务成本,:基他业务成本,ZT_152,其他业务成本（金融类）,1,0.641827,token_overlap,,False,债务人审计报告-2022年:16:aliyun_table:3:6-6:2-2,
债务人审计报告-2022年,16,tencent_table_v3,note,减: 提取盈余公积,减:提取盈余公积,:提取盈余公积,ZT_128,盈余公积,1,0.65,prefix_suffix_heuristic,,False,债务人审计报告-2022年:16:tencent_table_v3:6:4-4:1-1,
债务人审计报告-2022年,16,tencent_table_v3,note,减: 提取盈余公积,减:提取盈余公积,:提取盈余公积,ZT_128,盈余公积,1,0.65,prefix_suffix_heuristic,,False,债务人审计报告-2022年:16:tencent_table_v3:6:4-4:2-2,
债务人审计报告-2022年,16,tencent_table_v3,note,年末未分配利润,年末未分配利润,年末未分配利润,ZT_131,未分配利润,1,0.758333,prefix_suffix_heuristic,,False,债务人审计报告-2022年:16:tencent_table_v3:6:7-7:1-1,
债务人审计报告-2022年,16,tencent_table_v3,note,年末未分配利润,年末未分配利润,年末未分配利润,ZT_131,未分配利润,1,0.758333,prefix_suffix_heuristic,,False,债务人审计报告-2022年:16:tencent_table_v3:6:7-7:2-2,
债务人审计报告-2022年,17,aliyun_table,note,其他,其他,其他,ZT_173,其他收益,1,0.621667,prefix_suffix_heuristic,,False,债务人审计报告-2022年:17:aliyun_table:0:4-4:1-1,
债务人审计报告-2022年,17,aliyun_table,note,其他,其他,其他,ZT_173,其他收益,1,0.621667,prefix_suffix_heuristic,,False,债务人审计报告-2022年:17:aliyun_table:0:4-4:2-2,
债务人审计报告-2022年,17,aliyun_table,note,其他,其他,其他,ZT_173,其他收益,1,0.621667,prefix_suffix_heuristic,,False,债务人审计报告-2022年:17:aliyun_table:1:8-8:1-1,
债务人审计报告-2022年,17,aliyun_table,note,其他,其他,其他,ZT_173,其他收益,1,0.621667,prefix_suffix_heuristic,,False,债务人审计报告-2022年:17:aliyun_table:1:8-8:2-2,
债务人审计报告-2022年,17,aliyun_table,note,减:汇兑收益,减:汇兑收益,:汇兑收益,ZT_165,汇兑收益,1,0.818889,prefix_suffix_heuristic,,False,债务人审计报告-2022年:17:aliyun_table:2:4-4:1-1,
债务人审计报告-2022年,17,aliyun_table,note,减:汇兑收益,减:汇兑收益,:汇兑收益,ZT_165,汇兑收益,1,0.818889,prefix_suffix_heuristic,,False,债务人审计报告-2022年:17:aliyun_table:2:4-4:2-2,
债务人审计报告-2022年,17,aliyun_table,note,手续费支出,手续费支出,手续费支出,ZT_154,手续费及佣金支出,1,0.641827,token_overlap,,False,债务人审计报告-2022年:17:aliyun_table:2:5-5:1-1,
债务人审计报告-2022年,17,aliyun_table,note,手续费支出,手续费支出,手续费支出,ZT_154,手续费及佣金支出,1,0.641827,token_overlap,,False,债务人审计报告-2022年:17:aliyun_table:2:5-5:2-2,
债务人审计报告-2022年,17,aliyun_table,note,8.营业外收入,8.营业外收入,8.营业外收入,ZT_175,加:营业外收入,1,0.641827,token_overlap,,False,债务人审计报告-2022年:17:aliyun_table:2:8-8:0-2,
债务人审计报告-2022年,17,aliyun_table,note,8.营业外收入,8.营业外收入,8.营业外收入,ZT_175,加:营业外收入,1,0.641827,token_overlap,,False,债务人审计报告-2022年:17:aliyun_table:2:8-8:0-2,
债务人审计报告-2022年,17,aliyun_table,note,其他,其他,其他,ZT_173,其他收益,1,0.621667,prefix_suffix_heuristic,,False,债务人审计报告-2022年:17:aliyun_table:2:10-10:1-1,
债务人审计报告-2022年,17,aliyun_table,note,其他,其他,其他,ZT_173,其他收益,1,0.621667,prefix_suffix_heuristic,,False,债务人审计报告-2022年:17:aliyun_table:2:10-10:2-2,
债务人审计报告-2022年,17,aliyun_table,note,9.营业外支出,9.营业外支出,9.营业外支出,ZT_177,减:营业外支出,1,0.641827,token_overlap,,False,债务人审计报告-2022年:17:aliyun_table:2:12-12:0-2,
债务人审计报告-2022年,17,aliyun_table,note,9.营业外支出,9.营业外支出,9.营业外支出,ZT_177,减:营业外支出,1,0.641827,token_overlap,,False,债务人审计报告-2022年:17:aliyun_table:2:12-12:0-2,
债务人审计报告-2022年,17,aliyun_table,note,其他,其他,其他,ZT_173,其他收益,1,0.621667,prefix_suffix_heuristic,,False,债务人审计报告-2022年:17:aliyun_table:2:17-17:1-1,
债务人审计报告-2022年,17,aliyun_table,note,其他,其他,其他,ZT_173,其他收益,1,0.621667,prefix_suffix_heuristic,,False,债务人审计报告-2022年:17:aliyun_table:2:17-17:2-2,
债务人审计报告-2022年,17,tencent_table_v3,note,其他,其他,其他,ZT_173,其他收益,1,0.621667,prefix_suffix_heuristic,,False,债务人审计报告-2022年:17:tencent_table_v3:11:4-4:1-1,
债务人审计报告-2022年,17,tencent_table_v3,note,其他,其他,其他,ZT_173,其他收益,1,0.621667,prefix_suffix_heuristic,,False,债务人审计报告-2022年:17:tencent_table_v3:11:4-4:2-2,
债务人审计报告-2022年,17,tencent_table_v3,note,其他,其他,其他,ZT_173,其他收益,1,0.621667,prefix_suffix_heuristic,,False,债务人审计报告-2022年:17:tencent_table_v3:3:3-3:1-1,
债务人审计报告-2022年,17,tencent_table_v3,note,其他,其他,其他,ZT_173,其他收益,1,0.621667,prefix_suffix_heuristic,,False,债务人审计报告-2022年:17:tencent_table_v3:3:3-3:2-2,
债务人审计报告-2022年,17,tencent_table_v3,note,其他,其他,其他,ZT_173,其他收益,1,0.621667,prefix_suffix_heuristic,,False,债务人审计报告-2022年:17:tencent_table_v3:5:8-8:1-1,
债务人审计报告-2022年,17,tencent_table_v3,note,其他,其他,其他,ZT_173,其他收益,1,0.621667,prefix_suffix_heuristic,,False,债务人审计报告-2022年:17:tencent_table_v3:5:8-8:2-2,
债务人审计报告-2022年,17,tencent_table_v3,note,减: 汇兑收益,减:汇兑收益,:汇兑收益,ZT_165,汇兑收益,1,0.818889,prefix_suffix_heuristic,,False,债务人审计报告-2022年:17:tencent_table_v3:7:4-4:1-1,
债务人审计报告-2022年,17,tencent_table_v3,note,减: 汇兑收益,减:汇兑收益,:汇兑收益,ZT_165,汇兑收益,1,0.818889,prefix_suffix_heuristic,,False,债务人审计报告-2022年:17:tencent_table_v3:7:4-4:2-2,
债务人审计报告-2022年,17,tencent_table_v3,note,手续费支出,手续费支出,手续费支出,ZT_154,手续费及佣金支出,1,0.641827,token_overlap,,False,债务人审计报告-2022年:17:tencent_table_v3:7:5-5:1-1,
债务人审计报告-2022年,17,tencent_table_v3,note,手续费支出,手续费支出,手续费支出,ZT_154,手续费及佣金支出,1,0.641827,token_overlap,,False,债务人审计报告-2022年:17:tencent_table_v3:7:5-5:2-2,
